11.1,12.61,2.9
11.1,12.56,2.9
11.1,12.51,2.9
11.1,12.46,2.9
11.1,12.41,2.9
11.1,12.36,2.9
11.1,12.31,2.9
11.1,12.26,2.9
11.1,12.21,2.9
11.1,12.16,2.9
11.1,12.11,2.9
11.1,12.06,2.9
11.1,12.01,2.9
11.1,11.96,2.9
11.1,11.91,2.9
11.1,11.86,2.9
11.1,11.81,2.9
11.1,11.76,2.9
11.1,11.71,2.9
11.1,11.66,2.9
11.1,11.61,2.9
11.1,11.56,2.9
11.1,11.51,2.9
11.1,11.46,2.9
11.1,11.41,2.9
11.1,11.36,2.9
11.1,11.31,2.9
11.1,11.26,2.9
11.1,11.21,2.9
11.1,11.16,2.9
11.1,11.11,2.9
11.1,11.06,2.9
11.1,11.01,2.9
11.1,10.96,2.9
11.1,10.91,2.9
11.1,10.86,2.9
11.1,10.81,2.9
11.1,10.76,2.9
11.1,10.71,2.9
11.1,10.66,2.9
11.1,10.61,2.9
11.1,10.56,2.9
11.1,10.51,2.9
11.1,10.46,2.9
11.1,10.41,2.9
11.1,10.36,2.9
11.1,10.31,2.9
11.1,10.26,2.9
11.1,10.21,2.9
11.1,10.16,2.9
11.1,10.11,2.9
11.1,10.06,2.9
11.1,10.01,2.9
11.1,9.96,2.9
11.1,9.91,2.9
11.1,9.86,2.9
11.1,9.81,2.9
11.1,9.76,2.9
11.1,9.71,2.9
11.1,9.66,2.9
11.1,9.61,2.9
11.1,9.56,2.9
11.1,9.51,2.9
11.1,9.46,2.9
11.1,9.41,2.9
11.1,9.36,2.9
11.1,9.31,2.9
11.1,9.26,2.9
11.1,9.21,2.9
11.1,9.16,2.9
11.1,9.11,2.9
11.1,9.06,2.9
11.1,9.01,2.9
11.1,8.96,2.9
11.1,8.91,2.9
11.1,8.86,2.9
11.1,8.81,2.9
11.1,8.76,2.9
11.1,8.71,2.9
11.1,8.66,2.9
11.1,8.61,2.9
11.1,8.56,2.9
11.1,8.51,2.9
11.1,8.46,2.9
11.1,8.41,2.9
11.1,8.36,2.9
11.1,8.31,2.9
11.1,8.26,2.9
11.1,8.21,2.9
11.1,8.16,2.9
11.1,8.11,2.9
11.1,8.06,2.9
11.1,8.01,2.9
11.1,7.96,2.9
11.1,7.91,2.9
11.1,7.86,2.9
11.1,7.81,2.9
11.1,7.76,2.9
11.1,7.71,2.9
11.1,7.66,2.9
11.1,7.61,2.9
11.1,7.56,2.9
11.1,7.51,2.9
11.1,7.46,2.9
11.1,7.41,2.9
11.1,7.36,2.9
11.1,7.31,2.9
11.1,7.26,2.9
11.1,7.21,2.9
11.1,7.16,2.9
11.1,7.11,2.9
11.1,7.06,2.9
11.1,7.01,2.9
11.1,6.96,2.9
11.1,6.91,2.9
11.1,6.86,2.9
11.1,6.81,2.9
11.1,6.76,2.9
11.1,6.71,2.9
11.1,6.66,2.9
11.1,6.61,2.9
11.1,6.56,2.8862
11.1,6.51,2.8636
11.1,6.46,2.8442
11.1,6.41,2.8284
11.1,6.36,2.816
11.1,6.31,2.8072
11.1,6.26,2.8018
11.1,6.21,2.8
11.1,6.16,2.8018
11.1,6.11,2.8072
11.1,6.06,2.816
11.1,6.01,2.816
11.1,5.96,2.8072
11.1,5.91,2.8018
11.1,5.86,2.8
11.1,5.81,2.8018
11.1,5.76,2.8
11.1,5.71,2.8
11.1,5.66,2.8
11.1,5.61,2.8018
11.1,5.56,2.8
11.1,5.51,2.8018
11.1,5.46,2.8
11.1,5.41,2.8
11.1,5.36,2.8018
11.1,5.31,2.8
11.1,5.26,2.8
11.1,5.21,2.8
11.1,5.16,2.8
11.1,5.11,2.8
11.1,5.06,2.8
11.1,5.01,2.8
11.1,4.96,2.8
11.1,4.91,2.8
11.1,4.86,2.8
11.1,4.81,2.8
11.1,4.76,2.8
11.1,4.71,2.8
11.1,4.66,2.8
11.1,4.61,2.8
11.1,4.56,2.8
11.1,4.51,2.8
11.1,4.46,2.8
11.1,4.41,2.8
11.1,4.36,2.8
11.1,4.31,2.8
11.1,4.26,2.8
11.1,4.21,2.8
11.1,4.16,2.8
11.1,4.11,2.8
11.1,4.06,2.8
11.1,4.01,2.8
11.1,3.96,2.8
11.1,3.91,2.8
11.1,3.86,2.8
11.1,3.81,2.8
11.1,3.76,2.8
11.1,3.71,2.8
11.1,3.66,2.8
11.1,3.61,2.8
11.1,3.56,2.8
11.1,3.51,2.8
11.1,3.46,2.8
11.1,3.41,2.8
11.1,3.36,2.8
11.1,3.31,2.8
11.1,3.26,2.8
11.1,3.21,2.8
11.1,3.16,2.8
11.1,3.11,2.8
11.1,3.06,2.8
11.1,3.01,2.8
11.1,2.96,2.8
11.1,2.91,2.8
11.1,2.86,2.8
11.1,2.81,2.8
11.1,2.76,2.8
11.1,2.71,2.8
11.1,2.66,2.8
11.1,2.61,2.8
11.1,2.56,2.8
11.1,2.51,2.8
11.1,2.46,2.8
11.1,2.41,2.8
11.1,2.36,2.8
11.1,2.31,2.8
11.1,2.26,2.8
11.1,2.21,2.8
11.1,2.16,2.8018
11.1,2.11,2.8072
11.1,2.06,2.816
11.1,2.01,2.8284
11.1,1.96,2.8442
11.1,1.91,2.8636
11.1,1.86,2.8862
11.1,1.81,2.9
11.1,1.76,2.9
11.1,1.71,2.9
11.1,1.66,2.9
11.1,1.61,2.9
11.1,1.56,2.9
11.1,1.51,2.9
11.1,1.46,2.9
11.1,1.41,2.9
11.1,1.36,2.9
11.1,1.31,2.9
11.1,1.26,2.9
11.1,1.21,2.9
11.1,1.16,2.9
11.1,1.11,2.9
11.1,1.06,2.9
11.1,1.01,2.9
11.1,0.96,2.9
11.1,0.91,2.9
11.1,0.86,2.9
11.1,0.81,2.9
11.1,0.76,2.9
11.1,0.71,2.9
11.1,0.66,2.9
11.1,0.61,2.9
11.1,0.56,2.9
11.1,0.51,2.9
11.1,0.46,2.9
11.1,0.41,2.9
11.1,0.36,2.9
11.1,0.31,2.9
11.1,0.26,2.9
11.1,0.21,2.9
11.1,0.16,2.9
11.1,0.11,2.9
11.05,0.06,3
11.05,0.01,3
11.05,-0.04,3
11,-0.09,2.9
10.95,-0.09,2.9
10.9,-0.09,2.9
10.85,-0.09,2.9
10.8,-0.14,2.8
10.75,-0.14,2.8
10.7,-0.14,2.8
10.65,-0.14,2.8
10.6,-0.14,2.8
10.55,-0.14,2.8
10.5,-0.14,2.8
10.45,-0.14,2.8
10.4,-0.14,2.8
10.35,-0.14,2.8
10.3,-0.14,2.8
10.25,-0.14,2.8
10.2,-0.14,2.8
10.15,-0.14,2.8
10.1,-0.14,2.8
10.05,-0.14,2.8
10,-0.14,2.8
9.95,-0.14,2.8
9.9,-0.14,2.8
9.85,-0.14,2.8
9.8,-0.14,2.8
9.75,-0.14,2.8
9.7,-0.14,2.8
9.65,-0.14,2.8
9.6,-0.14,2.8
9.55,-0.14,2.8
9.5,-0.14,2.8
9.45,-0.14,2.8
9.4,-0.14,2.8
9.35,-0.14,2.8
9.3,-0.14,2.8
9.25,-0.14,2.8
9.2,-0.14,2.8
9.15,-0.14,2.8
9.1,-0.14,2.8
9.05,-0.14,2.8
9,-0.14,2.8
8.95,-0.14,2.8
8.9,-0.14,2.8
8.85,-0.14,2.8
8.8,-0.14,2.8
8.75,-0.14,2.8
8.7,-0.14,2.8
8.65,-0.14,2.8
8.6,-0.14,2.8
8.55,-0.14,2.8
8.5,-0.14,2.8
8.45,-0.14,2.8
8.4,-0.14,2.8
8.35,-0.14,2.8
8.3,-0.14,2.8
8.25,-0.14,2.8
8.2,-0.14,2.8
8.15,-0.14,2.8
8.1,-0.14,2.8
8.05,-0.14,2.8
8,-0.14,2.8
7.95,-0.14,2.8
7.9,-0.14,2.8
7.85,-0.14,2.8
7.8,-0.14,2.8
7.75,-0.14,2.8
7.7,-0.14,2.8
7.65,-0.14,2.8
7.6,-0.14,2.8
7.55,-0.14,2.8
7.5,-0.14,2.8
7.45,-0.14,2.8
7.4,-0.14,2.8
7.35,-0.09,2.9
7.3,-0.09,2.9
7.25,-0.09,2.9
7.2,-0.09,2.9
7.15,-0.09,2.9
7.1,-0.09,2.9
7.05,-0.09,2.9
7,-0.09,2.9
6.95,-0.09,2.9
6.9,-0.09,2.9
6.85,-0.09,2.9
6.8,-0.09,2.9
6.75,-0.09,2.9
6.7,-0.09,2.9
6.65,-0.09,2.9
6.6,-0.09,2.9
6.55,-0.09,2.9
6.5,-0.09,2.9
6.45,-0.09,2.9
6.4,-0.09,2.9
6.35,-0.09,2.9
6.3,-0.09,2.9
6.25,-0.09,2.9
6.2,-0.09,2.9
6.15,-0.09,2.9
6.1,-0.09,2.9
6.05,-0.09,2.9
6,-0.09,2.9
5.95,-0.09,2.9
5.9,-0.09,2.9
5.85,-0.09,2.9
5.8,-0.09,2.9
5.75,-0.09,2.9
5.7,-0.09,2.9
5.65,-0.09,2.9
5.6,-0.09,2.9
5.55,-0.09,2.9
5.5,-0.09,2.9
5.45,-0.09,2.9
5.4,-0.09,2.9
5.35,-0.09,2.9
5.3,-0.09,2.9
5.25,-0.09,2.9
5.2,-0.09,2.9
5.15,-0.09,2.9
5.1,-0.09,2.9
5.05,-0.09,2.9
5,-0.09,2.9
4.95,-0.09,2.9
4.9,-0.09,2.9
4.85,-0.09,2.9
4.8,-0.09,2.9
4.75,-0.09,2.9
4.7,-0.09,2.9
4.65,-0.09,2.9
4.6,-0.09,2.9
4.55,-0.09,2.9
4.5,-0.09,2.9
4.45,-0.09,2.9
4.4,-0.09,2.9
4.35,-0.09,2.9
4.3,-0.09,2.9
4.25,-0.09,2.9
4.2,-0.09,2.9
4.15,-0.09,2.9
4.1,-0.09,2.9
4.05,-0.09,2.9
4,-0.09,2.9
3.95,-0.09,2.9
3.9,-0.09,2.9
3.85,-0.09,2.9
3.8,-0.09,2.9
3.75,-0.09,2.9
3.7,-0.09,2.9
3.65,-0.09,2.9
3.6,-0.09,2.9
3.55,-0.09,2.9
3.5,-0.09,2.9
3.45,-0.09,2.9
3.4,-0.09,2.9
3.35,-0.09,2.9
3.3,-0.09,2.9
3.25,-0.09,2.9
3.2,-0.09,2.9
3.15,-0.09,2.9
3.1,-0.09,2.9
3.05,-0.09,2.9
3,-0.09,2.9
2.95,-0.09,2.9
2.9,-0.09,2.9
2.85,-0.09,2.9
2.8,-0.09,2.9
2.75,-0.09,2.9
2.7,-0.09,2.9
2.65,-0.09,2.9
2.6,-0.09,2.9
2.55,-0.09,2.9
2.5,-0.09,2.9
2.45,-0.09,2.9
2.4,-0.09,2.9
2.35,-0.09,2.9
2.3,-0.09,2.9
2.25,-0.09,2.9
2.2,-0.09,2.9
2.15,-0.09,2.9
2.1,-0.09,2.9
2.05,-0.09,2.9
2,-0.09,2.9
1.95,-0.09,2.9
1.9,-0.09,2.9
1.85,-0.09,2.9
1.8,-0.09,2.9
1.75,-0.09,2.9
1.7,-0.09,2.9
1.65,-0.09,2.9
1.6,-0.09,2.9
1.55,-0.09,2.9
1.5,-0.09,2.9
1.45,-0.09,2.9
1.4,-0.09,2.9
1.35,-0.09,2.9
1.3,-0.09,2.9
1.25,-0.09,2.9
1.2,-0.09,2.9
1.15,-0.09,2.9
1.1,-0.09,2.9
1.05,-0.09,2.9
1,-0.09,2.9
0.95,-0.09,2.9
0.9,-0.09,2.9
0.85,-0.09,2.9
0.8,-0.09,2.9
0.75,-0.09,2.9
0.7,-0.09,2.9
0.65,-0.09,2.9
0.6,-0.09,2.9
0.55,-0.09,2.9
0.5,-0.09,2.9
0.45,-0.09,2.9
0.4,-0.09,2.9
0.35,-0.09,2.9
0.3,-0.09,2.9
0.25,-0.09,2.9
0.2,-0.09,2.9
0.15,-0.09,2.9
0.1,-0.09,2.9
0.05,-0.09,2.9
0,-0.09,2.9
-0.05,-0.09,2.9
-0.1,-0.09,2.9
-0.15,-0.09,2.9
-0.2,-0.09,2.9
-0.25,-0.09,2.9
-0.3,-0.09,2.9
-0.35,-0.09,2.9
-0.4,-0.09,2.9
-0.45,-0.09,2.9
-0.5,-0.14,2.8
-0.55,-0.14,2.8
-0.6,-0.14,2.8
-0.65,-0.14,2.8
-0.7,-0.14,2.8
-0.75,-0.14,2.8
-0.8,-0.14,2.8
-0.85,-0.14,2.8
-0.9,-0.14,2.8
-0.95,-0.14,2.8
-1,-0.14,2.8
-1.05,-0.14,2.8
-1.1,-0.14,2.8
-1.15,-0.14,2.8
-1.2,-0.14,2.8
-1.25,-0.14,2.8
-1.3,-0.14,2.8
-1.35,-0.14,2.8
-1.4,-0.14,2.8
-1.45,-0.14,2.8
-1.5,-0.14,2.8
-1.55,-0.14,2.8
-1.6,-0.14,2.8
-1.65,-0.14,2.8
-1.7,-0.14,2.8
-1.75,-0.14,2.8
-1.8,-0.14,2.8
-1.85,-0.14,2.8
-1.9,-0.14,2.8
-1.95,-0.14,2.8
-2,-0.14,2.8
-2.05,-0.14,2.8
-2.1,-0.14,2.8
-2.15,-0.14,2.8
-2.2,-0.14,2.8
-2.25,-0.14,2.8
-2.3,-0.14,2.8
-2.35,-0.14,2.8
-2.4,-0.14,2.8
-2.45,-0.14,2.8
-2.5,-0.14,2.8
-2.55,-0.14,2.8
-2.6,-0.14,2.8
-2.65,-0.14,2.8
-2.7,-0.14,2.8
-2.75,-0.14,2.8
-2.8,-0.14,2.8
-2.85,-0.14,2.8
-2.9,-0.14,2.8
-2.95,-0.14,2.8
-3,-0.14,2.8
-3.05,-0.14,2.8
-3.1,-0.14,2.8
-3.15,-0.14,2.8
-3.2,-0.09,2.9
-3.25,-0.09,2.9
-3.3,-0.09,2.9
-3.35,-0.09,2.9
-3.4,-0.14,2.8
-3.45,-0.14,2.8
-3.5,-0.14,2.8
-3.55,-0.14,2.8
-3.6,-0.14,2.8
-3.65,-0.14,2.8
-3.7,-0.14,2.8
-3.75,-0.14,2.8
-3.8,-0.14,2.8
-3.85,-0.14,2.8
-3.9,-0.14,2.8
-3.95,-0.14,2.8
-4,-0.14,2.8
-4.05,-0.14,2.8
-4.1,-0.14,2.8
-4.15,-0.14,2.8
-4.2,-0.14,2.8
-4.25,-0.14,2.8
-4.3,-0.14,2.8
-4.35,-0.14,2.8
-4.4,-0.14,2.8
-4.45,-0.14,2.8
-4.5,-0.14,2.8
-4.55,-0.14,2.8
-4.6,-0.14,2.8
-4.65,-0.14,2.8
-4.7,-0.14,2.8
-4.75,-0.14,2.8
-4.8,-0.14,2.8
-4.85,-0.14,2.8
-4.9,-0.14,2.8
-4.95,-0.14,2.8
-5,-0.14,2.8
-5.05,-0.14,2.8
-5.1,-0.14,2.8
-5.15,-0.14,2.8
-5.2,-0.14,2.8
-5.25,-0.14,2.8
-5.3,-0.14,2.8
-5.35,-0.14,2.8
-5.4,-0.14,2.8
-5.45,-0.14,2.8
-5.5,-0.14,2.8
-5.55,-0.14,2.8
-5.6,-0.14,2.8
-5.65,-0.14,2.8
-5.7,-0.14,2.8
-5.75,-0.14,2.8
-5.8,-0.14,2.8
-5.85,-0.14,2.8
-5.9,-0.14,2.8
-5.95,-0.14,2.8
-6,-0.14,2.8
-6.05,-0.14,2.8
-6.1,-0.14,2.8
-6.15,-0.14,2.8
-6.2,-0.14,2.8
-6.25,-0.14,2.8
-6.3,-0.14,2.8
-6.35,-0.14,2.8
-6.4,-0.14,2.8
-6.45,-0.14,2.8
-6.5,-0.14,2.8
-6.55,-0.14,2.8
-6.6,-0.14,2.8
-6.65,-0.14,2.8
-6.7,-0.14,2.8
-6.75,-0.14,2.8
-6.8,-0.14,2.8
-6.85,-0.14,2.8
-6.9,-0.14,2.8
-6.95,-0.14,2.8
-7,-0.14,2.8
-7.05,-0.14,2.8
-7.1,-0.14,2.8
-7.15,-0.14,2.8
-7.2,-0.14,2.8
-7.25,-0.14,2.8
-7.3,-0.14,2.8
-7.35,-0.14,2.8
-7.4,-0.14,2.8
-7.45,-0.14,2.8
-7.5,-0.14,2.8
-7.55,-0.14,2.8
-7.6,-0.14,2.8
-7.65,-0.14,2.8
-7.7,-0.14,2.8
-7.75,-0.14,2.8
-7.8,-0.14,2.8
-7.85,-0.14,2.8
-7.9,-0.14,2.8
-7.95,-0.14,2.8
-8,-0.14,2.8
-8.05,-0.14,2.8
-8.1,-0.14,2.8
-8.15,-0.14,2.8
-8.2,-0.19,2.7
-8.25,-0.24,2.6
-8.3,-0.29,2.5
-8.35,-0.34,2.4
-8.4,-0.39,2.3
11.1,12.66,2.9
11.1,12.71,2.9
11.1,12.76,2.9
11.1,12.81,2.9
11.1,12.86,2.9
11.1,12.91,2.9
11.1,12.96,2.9
11.1,13.01,2.9
11.1,13.06,2.9
11.1,13.11,2.9
11.1,13.16,2.9
11.1,13.21,2.9
11.1,13.26,2.9
11.1,13.31,2.9
11.1,13.36,2.9
11.1,13.41,2.9
11.1,13.46,2.9
11.1,13.51,2.9
11.1,13.56,2.9
11.1,13.61,2.9
11.1,13.66,2.9
11.1,13.71,2.9
11.1,13.76,2.9
11.1,13.81,2.9
11.1,13.86,2.9
11.1,13.91,2.9
11.1,13.96,2.9
11.1,14.01,2.9
11.1,14.06,2.9
11.1,14.11,2.9
11.1,14.16,2.9
11.1,14.21,2.9
11.1,14.26,2.9
11.1,14.31,2.9
11.1,14.36,2.9
11.1,14.41,2.9
11.1,14.46,2.9
11.1,14.51,2.9
11.1,14.56,2.9
11.1,14.61,2.9
11.1,14.66,2.9
11.1,14.71,2.9
11.1,14.76,2.9
11.1,14.81,2.9
11.1,14.86,2.9
11.1,14.91,2.9
11.1,14.96,2.9
11.1,15.01,2.9
11.1,15.06,2.9
11.1,15.11,2.9
11.1,15.16,2.9
11.1,15.21,2.9
11.1,15.26,2.9
11.1,15.31,2.9
11.1,15.36,2.9
11.1,15.41,2.9
11.1,15.46,2.9
11.1,15.51,2.9
11.1,15.56,2.9
11.1,15.61,2.9
11.1,15.66,2.9
11.1,15.71,2.9
11.1,15.76,2.9
11.1,15.81,2.9
11.1,15.86,2.9
11.1,15.91,2.9
11.1,15.96,2.9
11.1,16.01,2.9
11.1,16.06,2.9
11.1,16.11,2.9
11.1,16.16,2.9
11.1,16.21,2.9
11.1,16.26,2.9
11.1,16.31,2.9
11.1,16.36,2.9
11.1,16.41,2.9
11.1,16.46,2.9
11.1,16.51,2.9
11.1,16.56,2.9
11.1,16.61,2.9
11.1,16.66,2.9
11.1,16.71,2.9
11.1,16.76,2.9
11.1,16.81,2.9
11.1,16.86,2.9
11.1,16.91,2.9
11.1,16.96,2.9
11.1,17.01,2.9
11.1,17.06,2.9
11.1,17.11,2.9
11.1,17.16,2.9
11.1,17.21,2.9
11.1,17.26,2.9
11.1,17.31,2.9
11.1,17.36,2.9
11.1,17.41,2.9
11.1,17.46,2.9
11.1,17.51,2.9
11.1,17.56,2.9
11.1,17.61,2.9
11.1,17.66,2.9
11.1,17.71,2.9
11.1,17.76,2.9
11.1,17.81,2.9
11.1,17.86,2.9
11.1,17.91,2.9
11.1,17.96,2.9
11.1,18.01,2.9
11.1,18.06,2.9
11.1,18.11,2.9
11.1,18.16,2.9
11.1,18.21,2.9
11.1,18.26,2.9
11.1,18.31,2.9
11.1,18.36,2.9
11.1,18.41,2.9
11.1,18.46,2.9
11.1,18.51,2.9
11.1,18.56,2.9
11.1,18.61,2.9
11.1,18.66,2.9
11.1,18.71,2.9
11.1,18.76,2.9
11.1,18.81,2.9
11.1,18.86,2.9
11.1,18.91,2.9
11.1,18.96,2.9
11.1,19.01,2.9
11.1,19.06,2.9
11.1,19.11,2.9
11.1,19.16,2.9
11.1,19.21,2.9
11.1,19.26,2.9
11.1,19.31,2.9
11.05,19.36,2.8
11.05,19.41,2.8
11.05,19.46,2.8
11.05,19.51,2.8
11.05,19.56,2.8
11.05,19.61,2.8
11.05,19.66,2.8
11.05,19.71,2.8
11.05,19.76,2.8
11.05,19.81,2.8
11.05,19.86,2.8
11.05,19.91,2.8
11.05,19.96,2.8
11.05,20.01,2.8
11.05,20.06,2.8
11.05,20.11,2.8
11.05,20.16,2.8
11.05,20.21,2.8
11.05,20.26,2.8
11.05,20.31,2.8
11.05,20.36,2.8
11.05,20.41,2.8
11.05,20.46,2.8
11.05,20.51,2.8
11.05,20.56,2.8
11.05,20.61,2.8
11.05,20.66,2.8
11.05,20.71,2.8
11.05,20.76,2.8
11.05,20.81,2.8
11.05,20.86,2.8
11.05,20.91,2.8
11.05,20.96,2.8
11.05,21.01,2.8
11.05,21.06,2.8
11.05,21.11,2.8
11.05,21.16,2.8
11.05,21.21,2.8
11.05,21.26,2.8
11.05,21.31,2.8
11.05,21.36,2.8
11.05,21.41,2.8
11.05,21.46,2.8
11.05,21.51,2.8
11.05,21.56,2.8
11.05,21.61,2.8
11.05,21.66,2.8
11.05,21.71,2.8
11.05,21.76,2.8
11.05,21.81,2.8
11.05,21.86,2.8
11.05,21.91,2.8
11.05,21.96,2.8
11.05,22.01,2.8
11.05,22.06,2.8
11.05,22.11,2.8
11.05,22.16,2.8
11.05,22.21,2.8
11.05,22.26,2.8
11.05,22.31,2.8
11.05,22.36,2.8
11.05,22.41,2.8
11.05,22.46,2.8
11.05,22.51,2.8
11.05,22.56,2.8
11.05,22.61,2.8
11.05,22.66,2.8
11.05,22.71,2.8
11.05,22.76,2.8
11.05,22.81,2.8
11.05,22.86,2.8
11.05,22.91,2.8
11.05,22.96,2.8
11.05,23.01,2.8
11.05,23.06,2.8
11.05,23.11,2.8
11.05,23.16,2.8
11.05,23.21,2.8
11.05,23.26,2.8
11.05,23.31,2.8
11.05,23.36,2.8
11.05,23.41,2.8
11.05,23.46,2.8
11.05,23.51,2.8
11.05,23.56,2.8
11.05,23.61,2.8
11.05,23.66,2.8
11.05,23.71,2.8
11.05,23.76,2.8
11.05,23.81,2.8
11.05,23.86,2.8
11.05,23.91,2.8
11.05,23.96,2.8
11.05,24.01,2.8
11.05,24.06,2.8
11.05,24.11,2.8
11.05,24.16,2.8
11.05,24.21,2.8
11.05,24.26,2.8
11.05,24.31,2.8
11.05,24.36,2.8
11.05,24.41,2.8
11.05,24.46,2.8
11.05,24.51,2.8
11.05,24.56,2.8
11.05,24.61,2.8
11.05,24.66,2.8
11.05,24.71,2.8
11.05,24.76,2.8
11.05,24.81,2.8
11.05,24.86,2.8
11.05,24.91,2.8
11.05,24.96,2.8
11.05,25.01,2.8
11.05,25.06,2.8
11.05,25.11,2.8
11.05,25.16,2.8
11.05,25.21,2.8
11.05,25.26,2.8
11.05,25.31,2.8
11.05,25.36,2.8
11.05,25.41,2.8
11.05,25.46,2.8
11.05,25.51,2.8
11.05,25.56,2.8
11.05,25.61,2.8
11.05,25.66,2.8
11.05,25.71,2.8018
11.05,25.76,2.8
11.05,25.81,2.8
11.05,25.86,2.8
11.05,25.91,2.8
11.05,25.96,2.8
11.05,26.01,2.8018
11.05,26.06,2.8
11.05,26.11,2.8
11.05,26.16,2.8018
11.05,26.21,2.8
11.05,26.26,2.8
11.05,26.31,2.8018
11.05,26.36,2.8
11.05,26.41,2.8018
11.05,26.46,2.8
11.05,26.51,2.8
11.05,26.56,2.8018
11.05,26.61,2.8072
11.05,26.66,2.816
11.05,26.71,2.8284
11.05,26.76,2.8442
11.05,26.81,2.8636
11.05,26.86,2.8636
11.05,26.91,2.8442
11.05,26.96,2.8284
11.05,27.01,2.816
11.05,27.06,2.8072
11.05,27.11,2.8018
11.05,27.16,2.8
11.05,27.21,2.8018
11.05,27.26,2.8072
11.05,27.31,2.816
11.05,27.36,2.8284
11.05,27.41,2.8442
11.05,27.46,2.8636
11.05,27.51,2.8862
11.05,27.56,2.9
11.05,27.61,2.9
11.05,27.66,2.9
11.05,27.71,2.9
11.05,27.76,2.9
11.05,27.81,2.9
11.05,27.86,2.9
11.05,27.91,2.9
11.05,27.96,2.9
11.05,28.01,2.9
11.05,28.06,2.9
11.05,28.11,2.9
11.05,28.16,2.9
11.05,28.21,2.9
11.05,28.26,2.9
11.05,28.31,2.9
11.05,28.36,2.9
11.05,28.41,2.9
11.05,28.46,2.9
11.05,28.51,2.9
11.05,28.56,2.9
11.05,28.61,2.9
11.05,28.66,2.9
11.05,28.71,2.9
11.05,28.76,2.9
11.05,28.81,2.9
11.05,28.86,2.9
11.05,28.91,2.9
11.05,28.96,2.9
11.05,29.01,2.9
11.05,29.06,2.9
11.05,29.11,2.9
11.05,29.16,2.9
11.05,29.21,2.9
11.05,29.26,2.9
11.05,29.31,2.9
11.05,29.36,2.9
11.05,29.41,2.9
11.05,29.46,2.9
11.05,29.51,2.9
11.05,29.56,2.9
11.05,29.61,2.9
11.05,29.66,2.9
11.05,29.71,2.9
11.05,29.76,2.9
11.05,29.81,2.9
11.05,29.86,2.9
11.05,29.91,2.9
11.05,29.96,2.9
11.05,30.01,2.9
11.05,30.06,2.8862
11.05,30.11,2.8636
11.05,30.16,2.8442
11.05,30.21,2.8284
11.05,30.26,2.816
11.05,30.31,2.8072
11.05,30.36,2.8018
11.05,30.41,2.8
11.05,30.46,2.8018
11.05,30.51,2.8072
11.05,30.56,2.816
11.05,30.61,2.8284
11.05,30.66,2.8442
11.05,30.71,2.8636
11.05,30.76,2.8862
11.05,30.81,2.9
11.05,30.86,2.9
11.05,30.91,2.9
11.05,30.96,2.9
11.05,31.01,2.9
11.05,31.06,2.9
11.05,31.11,2.9
11.05,31.16,2.9
11.05,31.21,2.9
11.05,31.26,2.9
11.05,31.31,2.9
11.05,31.36,2.9
11.05,31.41,2.9
11.05,31.46,2.9
11.05,31.51,2.9
11.05,31.56,2.9
11.05,31.61,2.9
11.05,31.66,2.9
11.05,31.71,2.9
11.05,31.76,2.9
11.05,31.81,2.9
11.05,31.86,2.9
11.05,31.91,2.9
11.05,31.96,2.9
11.05,32.01,2.9
11.05,32.06,2.9
11.05,32.11,2.9
11.05,32.16,2.9
11.05,32.21,2.9
11.05,32.26,2.9
11.05,32.31,2.9
11.05,32.36,2.9
11.05,32.41,2.8862
11.05,32.46,2.8636
11.05,32.51,2.8442
11.05,32.56,2.8284
11.05,32.61,2.816
11.05,32.66,2.8072
11.05,32.71,2.8018
11.05,32.76,2.8
11.05,32.81,2.8
11.05,32.86,2.8018
11.05,32.91,2.8072
11.05,32.96,2.816
11.05,33.01,2.8284
11.05,33.06,2.8442
11.05,33.11,2.8636
11.05,33.16,2.8862
11.05,33.21,2.8636
11.05,33.26,2.8442
11.05,33.31,2.8284
11.05,33.36,2.816
11.05,33.41,2.8072
11.05,33.46,2.8018
11.05,33.51,2.8
11.05,33.56,2.8018
11.05,33.61,2.8
11.05,33.66,2.8
11.05,33.71,2.8018
11.05,33.76,2.8018
11.05,33.81,2.8
11.05,33.86,2.8
11.05,33.91,2.8018
11.05,33.96,2.8
11.05,34.01,2.8
11.05,34.06,2.8
11.05,34.11,2.8018
11.05,34.16,2.8
11.05,34.21,2.8018
11.05,34.26,2.8
11.05,34.31,2.8018
11.05,34.36,2.8
11.05,34.41,2.8018
11.05,34.46,2.8
11.05,34.51,2.8
11.05,34.56,2.8018
11.05,34.61,2.8072
11.05,34.66,2.816
11.05,34.71,2.8072
11.05,34.76,2.8018
11.05,34.81,2.8
11.05,34.86,2.8
11.05,34.91,2.8018
11.05,34.96,2.8
11.05,35.01,2.8
11.05,35.06,2.8
11.05,35.11,2.8
11.05,35.16,2.8018
11.05,35.21,2.8
11.05,35.26,2.8
11.05,35.31,2.8
11.05,35.36,2.8018
11.05,35.41,2.8018
11.05,35.46,2.8
11.05,35.51,2.8
11.05,35.56,2.8
11.05,35.61,2.8018
11.05,35.66,2.8
11.05,35.71,2.8018
11.05,35.76,2.8072
11.05,35.81,2.816
11.05,35.86,2.8284
11.05,35.91,2.8442
11.05,35.96,2.8636
11.05,36.01,2.8862
11.05,36.06,2.9
11.05,36.11,2.9
11.05,36.16,2.9
11.05,36.21,2.9
11.05,36.26,2.9
11.05,36.31,2.9
11.05,36.36,2.9
11.05,36.41,2.9
11.05,36.46,2.9
11.05,36.51,2.9
11.05,36.56,2.9
11.05,36.61,2.9
11.05,36.66,2.9
11.05,36.71,2.9
11.05,36.76,2.9
11.05,36.81,2.9
11.05,36.86,2.9
11.05,36.91,2.9
11.05,36.96,2.9
11.05,37.01,2.9
11.05,37.06,2.9
11,37.11,3
10.95,37.16,2.9
10.9,37.16,2.9
10.85,37.16,2.9
10.8,37.16,2.9
10.75,37.16,2.9
10.7,37.16,2.9
10.65,37.16,2.9
10.6,37.16,2.9
10.55,37.16,2.9
10.5,37.16,2.9
10.45,37.16,2.9
10.4,37.16,2.9
10.35,37.16,2.9
10.3,37.16,2.9
10.25,37.16,2.9
10.2,37.16,2.9
10.15,37.16,2.9
10.1,37.16,2.9
10.05,37.16,2.9
10,37.16,2.9
9.95,37.16,2.9
9.9,37.16,2.8862
9.85,37.16,2.8636
9.8,37.16,2.8442
9.75,37.16,2.8284
9.7,37.16,2.816
9.65,37.16,2.8072
9.6,37.16,2.8018
9.55,37.16,2.8
9.5,37.16,2.8
9.45,37.16,2.8
9.4,37.16,2.8
9.35,37.16,2.8
9.3,37.16,2.8
9.25,37.16,2.8
9.2,37.16,2.8
9.15,37.16,2.8
9.1,37.16,2.8
9.05,37.16,2.8
9,37.16,2.8
8.95,37.16,2.8
8.9,37.16,2.8
8.85,37.16,2.8
8.8,37.16,2.8
8.75,37.16,2.8
8.7,37.16,2.8
8.65,37.16,2.8
8.6,37.16,2.8
8.55,37.16,2.8
8.5,37.16,2.8
8.45,37.16,2.8
8.4,37.16,2.8
8.35,37.16,2.8
8.3,37.16,2.8
8.25,37.16,2.8
8.2,37.16,2.8
8.15,37.16,2.8
8.1,37.16,2.8
8.05,37.16,2.8
8,37.16,2.8
7.95,37.16,2.8
7.9,37.16,2.8
7.85,37.16,2.8
7.8,37.16,2.8
7.75,37.16,2.8
7.7,37.16,2.8
7.65,37.16,2.8
7.6,37.16,2.8
7.55,37.16,2.8
7.5,37.16,2.8
7.45,37.16,2.8
7.4,37.16,2.8
7.35,37.16,2.8
7.3,37.16,2.8
7.25,37.16,2.8
7.2,37.16,2.8
7.15,37.16,2.8
7.1,37.16,2.8
7.05,37.16,2.8
7,37.16,2.8
6.95,37.16,2.8
6.9,37.16,2.8
6.85,37.16,2.8
6.8,37.16,2.8
6.75,37.16,2.8
6.7,37.16,2.8
6.65,37.16,2.8
6.6,37.16,2.8
6.55,37.16,2.8
6.5,37.16,2.8
6.45,37.16,2.8
6.4,37.16,2.8
6.35,37.16,2.8
6.3,37.16,2.8
6.25,37.16,2.8
6.2,37.16,2.8
6.15,37.16,2.8
6.1,37.16,2.8
6.05,37.16,2.8
6,37.16,2.8
5.95,37.16,2.8
5.9,37.16,2.8
5.85,37.16,2.8
5.8,37.16,2.8
5.75,37.16,2.8
5.7,37.16,2.8
5.65,37.16,2.8
5.6,37.16,2.8
5.55,37.16,2.8
5.5,37.16,2.8
5.45,37.16,2.8
5.4,37.16,2.8
5.35,37.16,2.8
5.3,37.16,2.8
5.25,37.16,2.8
5.2,37.16,2.8
5.15,37.16,2.8
5.1,37.16,2.8
5.05,37.16,2.8
5,37.16,2.8
4.95,37.16,2.8
4.9,37.16,2.8
4.85,37.21,2.9
4.8,37.21,2.9
4.75,37.21,2.9
4.7,37.21,2.9
4.65,37.21,2.9
4.6,37.21,2.9
4.55,37.21,2.9
4.5,37.21,2.9
4.45,37.21,2.9
4.4,37.21,2.9
4.35,37.21,2.9
4.3,37.21,2.9
4.25,37.21,2.9
4.2,37.21,2.9
4.15,37.21,2.9
4.1,37.21,2.9
4.05,37.21,2.9
4,37.21,2.9
3.95,37.21,2.9
3.9,37.21,2.9
3.85,37.21,2.9
3.8,37.21,2.9
3.75,37.21,2.9
3.7,37.21,2.9
3.65,37.21,2.9
3.6,37.21,2.9
3.55,37.21,2.9
3.5,37.21,2.9
3.45,37.21,2.9
3.4,37.21,2.9
3.35,37.21,2.9
3.3,37.21,2.9
3.25,37.21,2.9
3.2,37.21,2.9
3.15,37.21,2.9
3.1,37.21,2.9
3.05,37.21,2.9
3,37.21,2.9
2.95,37.21,2.9
2.9,37.21,2.9
2.85,37.21,2.9
2.8,37.21,2.9
2.75,37.21,2.9
2.7,37.21,2.9
2.65,37.21,2.9
2.6,37.21,2.9
2.55,37.21,2.9
2.5,37.21,2.9
2.45,37.21,2.9
2.4,37.21,2.9
2.35,37.21,2.9
2.3,37.21,2.9
2.25,37.21,2.9
2.2,37.21,2.9
2.15,37.21,2.9
2.1,37.21,2.9
2.05,37.21,2.9
2,37.21,2.9
1.95,37.21,2.9
1.9,37.21,2.9
1.85,37.21,2.9
1.8,37.21,2.9
1.75,37.21,2.9
1.7,37.21,2.9
1.65,37.21,2.9
1.6,37.21,2.9
1.55,37.21,2.9
1.5,37.21,2.9
1.45,37.21,2.9
1.4,37.21,2.9
1.35,37.21,2.9
1.3,37.21,2.9
1.25,37.21,2.9
1.2,37.21,2.9
1.15,37.21,2.9
1.1,37.21,2.9
1.05,37.21,2.9
1,37.21,2.9
0.95,37.21,2.9
0.9,37.21,2.9
0.85,37.21,2.9
0.8,37.21,2.9
0.75,37.21,2.9
0.7,37.21,2.9
0.65,37.21,2.9
0.6,37.21,2.9
0.55,37.21,2.9
0.5,37.21,2.9
0.45,37.21,2.9
0.4,37.21,2.9
0.35,37.21,2.9
0.3,37.21,2.9
0.25,37.21,2.9
0.2,37.21,2.9
0.15,37.21,2.9
0.1,37.21,2.9
0.05,37.21,2.9
0,37.21,2.9
-0.05,37.21,2.9
-0.1,37.21,2.9
-0.15,37.21,2.9
-0.2,37.21,2.9
-0.25,37.21,2.9
-0.3,37.21,2.9
-0.35,37.21,2.9
-0.4,37.21,2.9
-0.45,37.21,2.9
-0.5,37.21,2.9
-0.55,37.21,2.9
-0.6,37.21,2.9
-0.65,37.21,2.9
-0.7,37.21,2.9
-0.75,37.21,2.9
-0.8,37.21,2.9
-0.85,37.21,2.9
-0.9,37.21,2.9
-0.95,37.21,2.9
-1,37.21,2.9
-1.05,37.21,2.9
-1.1,37.21,2.9
-1.15,37.21,2.9
-1.2,37.21,2.9
-1.25,37.21,2.9
-1.3,37.21,2.9
-1.35,37.21,2.9
-1.4,37.21,2.9
-1.45,37.21,2.9
-1.5,37.21,2.9
-1.55,37.21,2.9
-1.6,37.21,2.9
-1.65,37.21,2.9
-1.7,37.21,2.9
-1.75,37.21,2.9
-1.8,37.21,2.9
-1.85,37.21,2.9
-1.9,37.21,2.9
-1.95,37.21,2.9
-2,37.21,2.9
-2.05,37.21,2.9
-2.1,37.21,2.9
-2.15,37.21,2.9
-2.2,37.21,2.9
-2.25,37.21,2.9
-2.3,37.21,2.9
-2.35,37.21,2.9
-2.4,37.21,2.9
-2.45,37.21,2.9
-2.5,37.21,2.9
-2.55,37.21,2.9
-2.6,37.21,2.9
-2.65,37.21,2.9
-2.7,37.21,2.9
-2.75,37.21,2.9
-2.8,37.21,2.9
-2.85,37.21,2.9
-2.9,37.21,2.9
-2.95,37.21,2.9
-3,37.21,2.9
-3.05,37.21,2.9
-3.1,37.21,2.9
-3.15,37.21,2.9
-3.2,37.21,2.9
-3.25,37.21,2.9
-3.3,37.21,2.9
-3.35,37.21,2.9
-3.4,37.21,2.9
-3.45,37.21,2.9
-3.5,37.21,2.9
-3.55,37.21,2.9
-3.6,37.21,2.9
-3.65,37.21,2.9
-3.7,37.21,2.9
-3.75,37.21,2.9
-3.8,37.21,2.9
-3.85,37.21,2.9
-3.9,37.21,2.9
-3.95,37.21,2.9
-4,37.21,2.9
-4.05,37.21,2.9
-4.1,37.21,2.9
-4.15,37.21,2.9
-4.2,37.21,2.9
-4.25,37.21,2.9
-4.3,37.21,2.9
-4.35,37.21,2.9
-4.4,37.21,2.9
-4.45,37.21,2.9
-4.5,37.21,2.9
-4.55,37.21,2.9
-4.6,37.21,2.9
-4.65,37.21,2.9
-4.7,37.21,2.9
-4.75,37.21,2.9
-4.8,37.21,2.9
-4.85,37.21,2.9
-4.9,37.21,2.9
-4.95,37.21,2.9
-5,37.21,2.9
-5.05,37.21,2.9
-5.1,37.21,2.9
-5.15,37.21,2.9
-5.2,37.21,2.9
-5.25,37.21,2.9
-5.3,37.21,2.9
-5.35,37.21,2.9
-5.4,37.21,2.9
-5.45,37.21,2.9
-5.5,37.21,2.9
-5.55,37.21,2.9
-5.6,37.21,2.9
-5.65,37.21,2.9
-5.7,37.21,2.9
-5.75,37.21,2.9
-5.8,37.21,2.9
-5.85,37.21,2.9
-5.9,37.21,2.9
-5.95,37.21,2.9
-6,37.21,2.9
-6.05,37.21,2.9
-6.1,37.21,2.9
-6.15,37.21,2.9
-6.2,37.21,2.9
-6.25,37.21,2.9
-6.3,37.21,2.9
-6.35,37.21,2.9
-6.4,37.21,2.9
-6.45,37.21,2.9
-6.5,37.21,2.9
-6.55,37.21,2.9
-6.6,37.21,2.8862
-6.65,37.21,2.8636
-6.7,37.21,2.8442
-6.75,37.21,2.8284
-6.8,37.21,2.816
-6.85,37.21,2.8072
-6.9,37.21,2.8018
-6.95,37.21,2.8
-7,37.21,2.8018
-7.05,37.21,2.8072
-7.1,37.21,2.816
-7.15,37.21,2.8284
-7.2,37.21,2.8442
-7.25,37.21,2.8636
-7.3,37.21,2.8862
-7.35,37.21,2.9
-7.4,37.21,2.9
-7.45,37.21,2.9
-7.5,37.21,2.9
-7.55,37.21,2.9
-7.6,37.21,2.9
-7.65,37.21,2.9
-7.7,37.21,2.9
-7.75,37.21,2.9
-7.8,37.21,2.9
-7.85,37.21,2.8862
-7.9,37.21,2.8636
-7.95,37.21,2.8442
-8,37.21,2.8284
-8.05,37.21,2.816
-8.1,37.21,2.8072
-8.15,37.21,2.8018
-8.2,37.21,2.8
-8.25,37.21,2.8018
-8.3,37.21,2.8018
-8.35,37.21,2.8
-8.4,37.21,2.8018
-8.45,37.21,2.8
-8.5,37.21,2.8018
-8.55,37.21,2.8018
-8.6,37.21,2.8
-8.65,37.21,2.8
-8.7,37.21,2.8
-8.75,37.21,2.8
-8.8,37.21,2.8018
-8.85,37.21,2.8
-8.9,37.21,2.8018
-8.95,37.21,2.8
-9,37.21,2.8018
-9.05,37.21,2.8
-9.1,37.21,2.8
-9.15,37.21,2.8
-9.2,37.21,2.8018
-9.25,37.21,2.8018
-9.3,37.21,2.8
-9.35,37.21,2.8
-9.4,37.21,2.8
-9.45,37.21,2.8
-9.5,37.21,2.8018
-9.55,37.21,2.8
-9.6,37.21,2.8
-9.65,37.21,2.8
-9.7,37.21,2.8018
-9.75,37.21,2.8
-9.8,37.21,2.8
-9.85,37.21,2.8
-9.9,37.21,2.8
-9.95,37.21,2.8
-10,37.21,2.8
-10.05,37.21,2.8018
-10.1,37.21,2.8
-10.15,37.21,2.8
-10.2,37.21,2.8
-10.25,37.21,2.8
-10.3,37.21,2.8
-10.35,37.21,2.8
-10.4,37.21,2.8
-10.45,37.21,2.8
-10.5,37.21,2.8
-10.55,37.21,2.8
-10.6,37.21,2.8018
-10.65,37.21,2.8018
-10.7,37.21,2.8
-10.75,37.21,2.8
-10.8,37.21,2.8
-10.85,37.21,2.8
-10.9,37.21,2.8
-10.95,37.21,2.8
-11,37.21,2.8
-11.05,37.21,2.8
-11.1,37.21,2.8
-11.15,37.21,2.8
-11.2,37.21,2.8
-11.25,37.21,2.8
-11.3,37.21,2.8
-11.35,37.21,2.8
-11.4,37.21,2.8
-11.45,37.21,2.8
-11.5,37.21,2.8
-11.55,37.21,2.8
-11.6,37.21,2.8
-11.65,37.21,2.8
-11.7,37.21,2.8
-11.75,37.21,2.8
-11.8,37.21,2.8
-11.85,37.21,2.8
-11.9,37.21,2.8
-11.95,37.21,2.8
-12,37.21,2.8
-12.05,37.21,2.8
-12.1,37.21,2.8
-12.15,37.21,2.8
-12.2,37.21,2.8
-12.25,37.21,2.8
-12.3,37.21,2.8
-12.35,37.21,2.8
-12.4,37.21,2.8
-12.45,37.21,2.8
-12.5,37.21,2.8
-12.55,37.21,2.8
-12.6,37.21,2.8
-12.65,37.21,2.8
-12.7,37.21,2.8
-12.75,37.21,2.8
-12.8,37.21,2.8
-12.85,37.21,2.8
-12.9,37.21,2.8
-12.95,37.21,2.8
-13,37.21,2.8
-13.05,37.21,2.8
-13.1,37.21,2.8
-13.15,37.21,2.8
-13.2,37.21,2.8
-13.25,37.21,2.8
-13.3,37.21,2.8
-13.35,37.21,2.8
-13.4,37.21,2.8
-13.45,37.21,2.8
-13.5,37.21,2.8
-13.55,37.21,2.8
-13.6,37.21,2.8
-13.65,37.21,2.8
-13.7,37.21,2.8
-13.75,37.21,2.8
-13.8,37.21,2.8
-13.85,37.21,2.8
-13.9,37.21,2.8
-13.95,37.21,2.8
-14,37.21,2.8
-14.05,37.21,2.8
-14.1,37.21,2.8
-14.15,37.21,2.8
-14.2,37.21,2.8
-14.25,37.21,2.8
-14.3,37.21,2.8
-14.35,37.21,2.8
-14.4,37.21,2.8
-14.45,37.21,2.8
-14.5,37.21,2.8
-14.55,37.21,2.8
-14.6,37.21,2.8
-14.65,37.21,2.8
-14.7,37.21,2.8
-14.75,37.21,2.8
-14.8,37.21,2.8
-14.85,37.21,2.8
-14.9,37.21,2.8
-14.95,37.21,2.8
-15,37.21,2.8
-15.05,37.21,2.8
-15.1,37.21,2.8
-15.15,37.21,2.8
-15.2,37.21,2.8
-15.25,37.21,2.8
-15.3,37.21,2.8
-15.35,37.21,2.8
-15.4,37.21,2.8
-15.45,37.21,2.8
-15.5,37.21,2.8
-15.55,37.21,2.8
-15.6,37.21,2.8
-15.65,37.21,2.8
-15.7,37.21,2.8
-15.75,37.21,2.8
-15.8,37.21,2.8
-15.85,37.21,2.8
-15.9,37.21,2.8
-15.95,37.21,2.8
-16,37.21,2.8
-16.05,37.21,2.8
-16.1,37.21,2.8
-16.15,37.21,2.8
-16.2,37.21,2.8
-16.25,37.21,2.8
-16.3,37.21,2.8
-16.35,37.21,2.8
-16.4,37.21,2.8
-16.45,37.21,2.8
-16.5,37.21,2.8
-16.55,37.21,2.8
-16.6,37.21,2.8
-16.65,37.21,2.8
-16.7,37.21,2.8
-16.75,37.21,2.8
-16.8,37.21,2.8
-16.85,37.21,2.8
-16.9,37.21,2.8
-16.95,37.21,2.8
-17,37.21,2.8
-17.05,37.21,2.8
-17.1,37.21,2.8
-17.15,37.21,2.8
-17.2,37.21,2.8
-17.25,37.21,2.8
-17.3,37.21,2.8
-17.35,37.21,2.8
-17.4,37.21,2.8
-17.45,37.21,2.8
-17.5,37.21,2.8
-17.55,37.21,2.8
-17.6,37.21,2.8
-17.65,37.21,2.8
-17.7,37.21,2.8
-17.75,37.21,2.8
-17.8,37.26,2.9
-17.85,37.26,2.9
-17.9,37.26,2.9
-17.95,37.26,2.9
-18,37.26,2.9
-18.05,37.26,2.9
-18.1,37.26,2.9
-18.15,37.26,2.9
-18.2,37.26,2.9
-18.25,37.26,2.9
-18.3,37.26,2.9
-18.35,37.26,2.9
-18.4,37.26,2.9
-18.45,37.26,2.9
-18.5,37.26,2.9
-18.55,37.26,2.9
-18.6,37.26,2.9
-18.65,37.26,2.9
-18.7,37.26,2.9
-18.75,37.26,2.9
-18.8,37.26,2.9
-18.85,37.26,2.9
-18.9,37.26,2.9
-18.95,37.26,2.9
-19,37.26,2.9
-19.05,37.26,2.9
-19.1,37.26,2.9
-19.15,37.26,2.9
-19.2,37.26,2.9
-19.25,37.26,2.9
-19.3,37.26,2.9
-19.35,37.26,2.9
-19.4,37.26,2.9
-19.45,37.26,2.9
-19.5,37.26,2.9
-19.55,37.26,2.9
-19.6,37.26,2.9
-19.65,37.26,2.9
-19.7,37.26,2.9
-19.75,37.26,2.9
-19.8,37.26,2.9
-19.85,37.26,2.9
-19.9,37.26,2.9
-19.95,37.26,2.9
-20,37.26,2.9
-20.05,37.26,2.9
-20.1,37.26,2.9
-20.15,37.26,2.9
-20.2,37.26,2.9
-20.25,37.26,2.9
-20.3,37.26,2.9
-20.35,37.26,2.9
-20.4,37.26,2.9
-20.45,37.26,2.9
-20.5,37.26,2.9
-20.55,37.26,2.9
-20.6,37.26,2.9
-20.65,37.26,2.9
-20.7,37.26,2.9
-20.75,37.26,2.9
-20.8,37.26,2.9
-20.85,37.26,2.9
-20.9,37.26,2.9
-20.95,37.26,2.9
-21,37.26,2.9
-21.05,37.26,2.9
-21.1,37.26,2.9
-21.15,37.26,2.9
-21.2,37.26,2.9
-21.25,37.26,2.9
-21.3,37.26,2.9
-21.35,37.26,2.9
-21.4,37.26,2.9
-21.45,37.26,2.9
-21.5,37.26,2.9
-21.55,37.26,2.9
-21.6,37.26,2.9
-21.65,37.26,2.9
-21.7,37.26,2.9
-21.75,37.26,2.9
-21.8,37.26,2.9
-21.85,37.26,2.9
-21.9,37.26,2.9
-21.95,37.26,2.9
-22,37.26,2.9
-22.05,37.26,2.9
-22.1,37.26,2.9
-22.15,37.26,2.9
-22.2,37.26,2.9
-22.25,37.26,2.9
-22.3,37.26,2.9
-22.35,37.26,2.9
-22.4,37.26,2.9
-22.45,37.26,2.9
-22.5,37.26,2.9
-22.55,37.26,2.9
-22.6,37.26,2.9
-22.65,37.26,2.9
-22.7,37.26,2.9
-22.75,37.26,2.9
-22.8,37.26,2.9
-22.85,37.26,2.9
-22.9,37.26,2.9
-22.95,37.26,2.9
-23,37.26,2.9
-23.05,37.26,2.9
-23.1,37.26,2.9
-23.15,37.26,2.9
-23.2,37.26,2.9
-23.25,37.26,2.9
-23.3,37.26,2.9
-23.35,37.26,2.9
-23.4,37.26,2.9
-23.45,37.26,2.9
-23.5,37.26,2.9
-23.55,37.26,2.9
-23.6,37.26,2.9
-23.65,37.26,2.9
-23.7,37.26,2.9
-23.75,37.26,2.9
-23.8,37.26,2.9
-23.85,37.26,2.9
-23.9,37.26,2.9
-23.95,37.26,2.9
-24,37.26,2.9
-24.05,37.26,2.9
-24.1,37.26,2.9
-24.15,37.26,2.9
-24.2,37.26,2.9
-24.25,37.26,2.9
-24.3,37.26,2.9
-24.35,37.26,2.9
-24.4,37.26,2.9
-24.45,37.26,2.9
-24.5,37.26,2.9
-24.55,37.26,2.9
-24.6,37.26,2.9
-24.65,37.26,2.9
-24.7,37.26,2.9
-24.75,37.26,2.9
-24.8,37.26,2.9
-24.85,37.26,2.9
-24.9,37.26,2.9
-24.95,37.26,2.9
-25,37.26,2.9
-25.05,37.26,2.9
-25.1,37.26,2.9
-25.15,37.26,2.9
-25.2,37.26,2.9
-25.25,37.26,2.9
-25.3,37.26,2.9
-25.35,37.26,2.9
-25.4,37.26,2.9
-25.45,37.26,2.9
-25.5,37.26,2.9
-25.55,37.26,2.9
-25.6,37.26,2.9
-25.65,37.26,2.9
-25.7,37.26,2.9
-25.75,37.26,2.9
-25.8,37.26,2.9
-25.85,37.26,2.9
-25.9,37.26,2.9
-25.95,37.26,2.9
-26,37.26,2.9
-26.05,37.26,2.9
-26.1,37.26,2.9
-26.15,37.26,2.9
-26.2,37.26,2.9
-26.25,37.26,2.9
-26.3,37.26,2.9
-26.35,37.26,2.9
-26.4,37.26,2.9
-26.45,37.26,2.9
-26.5,37.26,2.9
-26.55,37.26,2.9
-26.6,37.26,2.9
-26.65,37.26,2.9
-26.7,37.26,2.9
-26.75,37.26,2.9
-26.8,37.26,2.9
-26.85,37.26,2.9
-26.9,37.26,2.9
-26.95,37.26,2.9
-27,37.26,2.9
-27.05,37.26,2.9
-27.1,37.26,2.9
-27.15,37.26,2.9
-27.2,37.26,2.9
-27.25,37.26,2.9
-27.3,37.26,2.9
-27.35,37.26,2.9
-27.4,37.26,2.9
-27.45,37.26,2.9
-27.5,37.26,2.9
-27.55,37.26,2.9
-27.6,37.26,2.9
-27.65,37.26,2.9
-27.7,37.26,2.9
-27.75,37.26,2.9
-27.8,37.26,2.8862
-27.85,37.26,2.8636
-27.9,37.26,2.8442
-27.95,37.26,2.8284
-28,37.26,2.816
-28.05,37.26,2.8072
-28.1,37.26,2.8018
-28.15,37.26,2.8
-28.2,37.26,2.8018
-28.25,37.26,2.8072
-28.3,37.26,2.816
-28.35,37.26,2.8284
-28.4,37.26,2.8442
-28.45,37.26,2.8636
-28.5,37.26,2.8862
-28.55,37.26,2.9
-28.6,37.26,2.9
-28.65,37.26,2.9
-28.7,37.26,2.9
-28.75,37.26,2.9
-28.8,37.26,2.9
-28.85,37.26,2.9
-28.9,37.26,2.9
-28.95,37.26,2.9
-29,37.26,2.9
-29.05,37.26,2.9
-29.1,37.26,2.9
-29.15,37.26,2.9
-29.2,37.26,2.9
-29.25,37.26,2.9
-29.3,37.26,2.9
-29.35,37.26,2.9
-29.4,37.26,2.9
-29.45,37.26,2.8862
-29.5,37.26,2.8636
-29.55,37.26,2.8442
-29.6,37.26,2.8284
-29.65,37.26,2.816
-29.7,37.26,2.8072
-29.75,37.26,2.8018
-29.8,37.26,2.8
-29.85,37.26,2.8
-29.9,37.26,2.8018
-29.95,37.26,2.8072
-30,37.26,2.8072
-30.05,37.26,2.8018
-30.1,37.26,2.8
-30.15,37.26,2.8018
-30.2,37.26,2.8072
-30.25,37.26,2.816
-30.3,37.26,2.8284
-30.35,37.26,2.8442
-30.4,37.26,2.8284
-30.45,37.26,2.816
-30.5,37.26,2.8072
-30.55,37.26,2.8018
-30.6,37.26,2.8
-30.65,37.26,2.8018
-30.7,37.26,2.8
-30.75,37.26,2.8
-30.8,37.26,2.8
-30.85,37.26,2.8
-30.9,37.26,2.8018
-30.95,37.26,2.8072
-31,37.26,2.8018
-31.05,37.26,2.8
-31.1,37.26,2.8
-31.15,37.26,2.8
-31.2,37.26,2.8
-31.25,37.26,2.8
-31.3,37.26,2.8
-31.35,37.26,2.8
-31.4,37.26,2.8
-31.45,37.26,2.8
-31.5,37.26,2.8
-31.55,37.26,2.8
-31.6,37.26,2.8
-31.65,37.26,2.8
-31.7,37.26,2.8
-31.75,37.26,2.8
-31.8,37.26,2.8
-31.85,37.26,2.8
-31.9,37.26,2.8018
-31.95,37.26,2.8
-32,37.26,2.8
-32.05,37.26,2.8
-32.1,37.26,2.8
-32.15,37.26,2.8
-32.2,37.26,2.8
-32.25,37.26,2.8
-32.3,37.26,2.8
-32.35,37.26,2.8018
-32.4,37.26,2.8
-32.45,37.26,2.8018
-32.5,37.26,2.8072
-32.55,37.26,2.8018
-32.6,37.26,2.8
-32.65,37.26,2.8018
-32.7,37.26,2.8
-32.75,37.26,2.8
-32.8,37.26,2.8018
-32.85,37.26,2.8
-32.9,37.26,2.8
-32.95,37.26,2.8
-33,37.26,2.8
-33.05,37.26,2.8
-33.1,37.26,2.8
-33.15,37.26,2.8018
-33.2,37.26,2.8
-33.25,37.26,2.8
-33.3,37.26,2.8
-33.35,37.26,2.8
-33.4,37.26,2.8
-33.45,37.26,2.8
-33.5,37.26,2.8
-33.55,37.26,2.8018
-33.6,37.26,2.8018
-33.65,37.26,2.8
-33.7,37.26,2.8
-33.75,37.26,2.8
-33.8,37.26,2.8
-33.85,37.26,2.8
-33.9,37.26,2.8
-33.95,37.26,2.8
-34,37.26,2.8
-34.05,37.26,2.8
-34.1,37.26,2.8
-34.15,37.26,2.8
-34.2,37.26,2.8018
-34.25,37.26,2.8
-34.3,37.26,2.8
-34.35,37.26,2.8
-34.4,37.26,2.8
-34.45,37.26,2.8
-34.5,37.26,2.8
-34.55,37.26,2.8
-34.6,37.26,2.8
-34.65,37.26,2.8
-34.7,37.26,2.8
-34.75,37.26,2.8
-34.8,37.26,2.8
-34.85,37.26,2.8
-34.9,37.26,2.8
-34.95,37.26,2.8
-35,37.26,2.8
-35.05,37.26,2.8
-35.1,37.26,2.8
-35.15,37.26,2.8
-35.2,37.26,2.8
-35.25,37.26,2.8
-35.3,37.26,2.8
-35.35,37.26,2.8
-35.4,37.26,2.8
-35.45,37.26,2.8
-35.5,37.26,2.8
-35.55,37.26,2.8
-35.6,37.26,2.8
-35.65,37.26,2.8
-35.7,37.26,2.8
-35.75,37.26,2.8
-35.8,37.26,2.8
-35.85,37.26,2.8
-35.9,37.26,2.8
-35.95,37.26,2.8
-36,37.26,2.8
-36.05,37.26,2.8
-36.1,37.26,2.8
-36.15,37.26,2.8
-36.2,37.26,2.8
-36.25,37.26,2.8
-36.3,37.26,2.8
-36.35,37.26,2.8
-36.4,37.26,2.8
-36.45,37.26,2.8
-36.5,37.26,2.8
-36.55,37.26,2.8
-36.6,37.26,2.8
-36.65,37.26,2.8
-36.7,37.26,2.8
-36.75,37.26,2.8
-36.8,37.26,2.8
-36.85,37.26,2.8
-36.9,37.26,2.8
-36.95,37.26,2.8
-37,37.26,2.8
-37.05,37.26,2.8
-37.1,37.26,2.8
-37.15,37.26,2.8
-37.2,37.26,2.8
-37.25,37.26,2.8
-37.3,37.26,2.8
-37.35,37.26,2.8
-37.4,37.26,2.8
-37.45,37.26,2.8
-37.5,37.26,2.8
-37.55,37.26,2.8
-37.6,37.26,2.8
-37.65,37.26,2.8
-37.7,37.26,2.8
-37.75,37.26,2.8
-37.8,37.26,2.8
-37.85,37.26,2.8
-37.9,37.26,2.8
-37.95,37.26,2.8
-38,37.26,2.8
-38.05,37.26,2.8
-38.1,37.26,2.8
-38.15,37.26,2.8
-38.2,37.26,2.8
-38.25,37.26,2.8
-38.3,37.26,2.8
-38.35,37.26,2.8
-38.4,37.26,2.8
-38.45,37.26,2.8
-38.5,37.26,2.8
-38.55,37.26,2.8
-38.6,37.26,2.8
-38.65,37.26,2.8
-38.7,37.26,2.8
-38.75,37.26,2.8
-38.8,37.26,2.8
-38.85,37.26,2.8
-38.9,37.26,2.8
-38.95,37.26,2.8
-39,37.26,2.8
-39.05,37.26,2.8
-39.1,37.26,2.8
-39.15,37.26,2.8
-39.2,37.26,2.8
-39.25,37.26,2.8
-39.3,37.26,2.8
-39.35,37.26,2.8
-39.4,37.26,2.8
-39.45,37.26,2.8
-39.5,37.26,2.8
-39.55,37.26,2.8
-39.6,37.26,2.8
-39.65,37.26,2.8
-39.7,37.26,2.8
-39.75,37.26,2.8
-39.8,37.26,2.8
-39.85,37.26,2.8
-39.9,37.26,2.8
-39.95,37.26,2.8
-40,37.26,2.8
-40.05,37.26,2.8
-40.1,37.26,2.8
-40.15,37.26,2.8
-40.2,37.26,2.8
-40.25,37.26,2.8
-40.3,37.26,2.8
-40.35,37.26,2.8
-40.4,37.26,2.8
-40.45,37.26,2.8
-40.5,37.26,2.8
-40.55,37.26,2.8
-40.6,37.26,2.8
-40.65,37.26,2.8
-40.7,37.26,2.8
-40.75,37.31,2.9
-40.8,37.31,2.9
-40.85,37.31,2.9
-40.9,37.31,2.9
-40.95,37.31,2.9
-41,37.31,2.9
-41.05,37.31,2.9
-41.1,37.31,2.9
-41.15,37.31,2.9
-41.2,37.31,2.9
-41.25,37.31,2.9
-41.3,37.31,2.9
-41.35,37.31,2.9
-41.4,37.31,2.9
-41.45,37.31,2.9
-41.5,37.31,2.9
-41.55,37.31,2.9
-41.6,37.31,2.9
-41.65,37.31,2.9
-41.7,37.31,2.9
-41.75,37.31,2.9
-41.8,37.31,2.9
-41.85,37.31,2.9
-41.9,37.31,2.9
-41.95,37.31,2.9
-42,37.31,2.9
-42.05,37.31,2.9
-42.1,37.31,2.9
-42.15,37.31,2.9
-42.2,37.31,2.9
-42.25,37.31,2.9
-42.3,37.31,2.9
-42.35,37.31,2.9
-42.4,37.31,2.9
-42.45,37.31,2.9
-42.5,37.31,2.9
-42.55,37.31,2.9
-42.6,37.31,2.9
-42.65,37.31,2.9
-42.7,37.31,2.9
-42.75,37.31,2.9
-42.8,37.31,2.9
-42.85,37.31,2.9
-42.9,37.31,2.9
-42.95,37.31,2.9
-43,37.31,2.9
-43.05,37.31,2.9
-43.1,37.31,2.9
-43.15,37.31,2.9
-43.2,37.31,2.9
-43.25,37.31,2.9
-43.3,37.31,2.9
-43.35,37.31,2.9
-43.4,37.31,2.9
-43.45,37.31,2.9
-43.5,37.31,2.9
-43.55,37.31,2.9
-43.6,37.31,2.9
-43.65,37.31,2.9
-43.7,37.31,2.9
-43.75,37.31,2.9
-43.8,37.31,2.9
-43.85,37.31,2.9
-43.9,37.31,2.9
-43.95,37.31,2.9
-44,37.31,2.9
-44.05,37.31,2.9
-44.1,37.31,2.9
-44.15,37.31,2.9
-44.2,37.31,2.9
-44.25,37.31,2.9
-44.3,37.31,2.9
-44.35,37.31,2.9
-44.4,37.31,2.9
-44.45,37.31,2.9
-44.5,37.31,2.9
-44.55,37.31,2.9
-44.6,37.31,2.9
-44.65,37.31,2.9
-44.7,37.31,2.9
-44.75,37.31,2.9
-44.8,37.31,2.9
-44.85,37.31,2.9
-44.9,37.31,2.9
-44.95,37.31,2.9
-45,37.31,2.9
-45.05,37.31,2.9
-45.1,37.31,2.9
-45.15,37.31,2.9
-45.2,37.31,2.9
-45.25,37.31,2.9
-45.3,37.31,2.9
-45.35,37.31,2.9
-45.4,37.31,2.9
-45.45,37.31,2.9
-45.5,37.31,2.9
-45.55,37.31,2.9
-45.6,37.31,2.9
-45.65,37.31,2.9
-45.7,37.31,2.9
-45.75,37.31,2.9
-45.8,37.31,2.9
-45.85,37.31,2.9
-45.9,37.31,2.9
-45.95,37.31,2.9
-46,37.31,2.9
-46.05,37.31,2.9
-46.1,37.31,2.9
-46.15,37.31,2.9
-46.2,37.31,2.9
-46.25,37.31,2.9
-46.3,37.31,2.9
-46.35,37.31,2.9
-46.4,37.31,2.8
